driverId,name,ssn,location,certified,wage-plan
10,Jesus Powell,461-01-4427,"6935 Joshua Corners Apt. 752
East Ginashire, VT 65117",N,hours
11,Tracie Barnes,442-37-2007,"37775 Diana Mission
Reedton, NC 03054",N,hours
12,Angel Lynn,308-23-9069,"223 Alvarez Inlet Suite 905
Lake Melissa, CA 47257",N,miles
13,Kristen Anderson,739-20-7647,"USNS Baker
FPO AE 95627",N,miles
14,Tammy Underwood,432-38-8353,"5916 Anna Centers Suite 992
Bakerton, PW 10438",N,hours
15,Jade Baker,798-57-2358,"PSC 3986, Box 1380
APO AP 38388",Y,miles
16,Sandra Alexander,420-55-0312,"171 Garcia Manor
Nicolefort, AL 97872",Y,miles
17,Thomas Young,676-44-1890,"08178 Perez Plains Apt. 653
South Cynthia, PA 94305",N,hours
18,Sarah Parker,035-94-5920,"813 Carlson Unions Apt. 902
East Thomasstad, IA 97627",Y,hours
19,Melissa Hoffman,790-42-7587,"067 Sanchez Curve Suite 144
East Rebeccaside, WY 05120",Y,hours
20,Eric Jarvis,264-45-5608,"36301 Isaac Square Apt. 951
South Coreyfort, VA 96627",Y,hours
21,Sean Raymond,881-69-7083,"93150 Isabella Square
West Martin, MT 25354",Y,hours
22,Mrs. Lisa Simmons MD,794-24-6360,"261 Sheila Locks Suite 571
Lake Veronica, MP 13265",N,hours
23,Tyler Miller,658-20-7387,"66413 Mcdonald Trail Suite 377
Rebeccaborough, MP 23307",Y,miles
24,Christopher Dixon,047-49-8342,"664 David Forges Suite 606
North Jonathan, KY 13372",N,hours
25,Emily Davies,335-79-9863,"122 Terry Tunnel Suite 605
South Davidfurt, WY 11760",N,hours
26,Allison Rodgers,582-87-9508,"3295 Smith Track
Bradleyberg, PR 28795",Y,miles
27,Eric Wright,500-83-1032,"84778 Amanda Loop
Schultzland, WI 24487",Y,hours
28,Michael Weaver,772-77-1435,"71558 Small Green
Danielport, WV 76231",Y,miles
29,Jonathan Schneider,597-30-9437,"9034 Leslie Forge
Lake Sharon, MT 20226",Y,hours
30,Nicolas Winters,540-05-1186,"697 Lisa Creek Apt. 348
Maryville, PW 53526",Y,miles
31,Rachel Mcintosh,083-81-0083,"62550 Dalton Track
Port Timothy, LA 48529",N,miles
32,Joe Owens,566-37-0327,"3737 Delgado Squares
Melanieside, VA 86519",Y,miles
33,Martin Conrad,537-20-3517,"0102 Thomas Trace Suite 332
Zavalafurt, HI 33847",Y,miles
34,Dr. Tim Newton,843-85-2569,"489 Hunt Trail
Davidchester, NY 45820",Y,hours
35,Catherine Oliver,424-06-4836,"Unit 0172 Box 0773
DPO AE 38393",N,miles
36,Nicholas Richard,748-65-6275,"USNV Neal
FPO AP 32167",Y,hours
37,Melissa Velasquez,228-53-0508,"673 Rogers Mountain
East Danaburgh, FL 10630",N,miles
38,Mary Sloan,522-27-1053,"1087 Vega Extensions
Laraville, GU 39897",N,miles
39,Jennifer White,099-97-7418,"92420 Rebecca Cape
West Kristina, AS 99024",N,miles
40,Rachel Martin,744-15-4937,"16240 Bowers Underpass Apt. 671
Port Michaelashire, PA 08906",Y,miles
41,John Cole,352-86-6949,"PSC 0122, Box 3430
APO AA 36875",Y,hours
42,Kristin Gordon,446-72-9171,"5890 John Isle Suite 423
Port Kevin, TX 30270",N,hours
43,Wendy Woods,148-66-4569,"192 James Vista
New Bianca, NH 69834",Y,miles
44,Douglas Miller,598-88-6625,"99976 Carter Manors
West Tiffanyville, NE 95538",N,miles
45,Christopher Jackson,346-73-3194,"58688 Barbara Springs
Sanfordberg, AS 46055",Y,hours
46,Michael Evans,148-14-7104,"857 Megan Wells
Kellyberg, AL 65274",N,hours
47,Ashley Russell,533-40-7231,"86860 Martin Extension Suite 771
West Jamesborough, NV 41358",N,miles
48,Lydia Jones,575-32-9265,"84686 John Oval
New Jasonville, MN 57319",N,miles
49,Cindy Savage,032-26-4400,"724 Joseph Landing
New Shawn, AK 78246",Y,miles
50,Laura Hicks,489-16-5430,"929 Hunt Square Suite 815
South Sarah, AR 59489",N,miles
51,Michael Hines DDS,128-28-3454,"464 Santos Village
East Crystalland, NH 69750",Y,hours
52,Keith Jennings,821-20-4937,"5022 Roy Mountains Suite 844
Andersonberg, KS 91340",N,miles
53,Ryan Perez,277-45-0459,"6774 Carlson Turnpike Apt. 020
West Veronica, ME 68381",N,hours
54,Richard Stafford,852-58-3767,"275 Tiffany Plaza
Jessicafort, MA 73656",N,miles
55,Billy Grant,721-74-0143,"008 Paul Avenue Apt. 999
West Walter, MA 59126",N,miles
56,Willie Reyes,121-06-6083,"836 Anthony Tunnel Apt. 176
Johnhaven, MA 90643",N,miles
57,Robert Benson,072-57-0025,"96830 Smith Terrace Suite 986
Lisaland, AK 35241",Y,hours
58,Seth Simpson,813-88-7518,"9040 Chan Ridge
Arellanoview, LA 27821",N,miles
59,Erik Flores,680-33-5925,"48316 Richardson Common Apt. 637
Julieton, ND 26261",Y,hours
60,Jeffrey Stephens,185-40-5179,"488 Wright Light Suite 981
Lake Jeffrey, GA 17020",N,hours
61,Margaret Martin,388-78-5650,"USNV Jenkins
FPO AA 27141",Y,miles
62,Joseph Henry,410-41-8863,"39946 Charles Corners Suite 241
Marymouth, DC 17104",N,miles
63,Sandra Shaw,362-62-8309,"7469 Hayes Lakes
Brewerview, TX 82285",Y,miles
64,Donald Thompson,490-65-7911,"8543 Baker Cliffs
Myersbury, MH 82482",Y,miles
65,Jason Jordan,711-63-9132,"797 Shepherd Shoal Apt. 774
Lake Josephborough, KY 95086",N,miles
66,Kathy Young,201-93-2329,"823 Scott Parkway
North Stephanie, GA 63843",N,hours
67,Mark Berg,835-24-6321,"0116 Andrew Burgs
South Meganborough, DC 04524",Y,miles
68,Dawn Sharp,477-74-9406,"946 Hannah Roads
New Michael, MO 18060",Y,miles
69,Casey Gomez,611-87-7766,"687 Patterson Station Suite 206
Mortonview, FL 94208",Y,hours
70,Peter Haas,067-18-1090,"915 Rodriguez View
New Rachel, MD 29055",Y,hours
71,Jason Rodriguez,280-93-5076,"PSC 1983, Box 5987
APO AA 30191",N,miles
72,Meredith Murray,833-67-9065,"053 Anderson Crossing Apt. 417
South Amyland, KY 61992",N,hours
73,Lisa Bernard,169-42-8133,"02651 Tiffany Cliff Apt. 636
Lake Aaronfurt, GA 42806",Y,miles
74,Shelby Wright,310-35-0783,"8045 Villa Squares
New Erin, OH 32402",Y,hours
75,Benjamin Davis,267-92-8827,"021 Rubio Harbors Suite 396
Jacquelinetown, TN 89867",N,miles
76,Jose Preston,486-47-7803,"USNS Garcia
FPO AP 06134",N,hours
77,Sierra Swanson,430-85-0738,"452 Shelton Walk Apt. 784
Port Aaron, KS 58276",Y,hours
78,Ariel Gordon,152-79-6452,"PSC 9533, Box 6782
APO AP 45795",N,miles
79,Susan Riley,501-83-0216,"PSC 5370, Box 3153
APO AP 19609",Y,miles
80,Jonathon Gardner,031-01-3927,"52075 Medina Square
Jasonmouth, WV 45427",Y,hours
81,Holly Gallagher,288-29-2693,"0748 Nicole Point Apt. 678
Matthewville, AL 38630",N,hours
82,Mrs. Valerie Fernandez,237-85-2699,"9320 Anderson Course Suite 579
North Heatherside, ME 91100",N,miles
83,Adam Francis,202-23-1507,"PSC 5052, Box 7149
APO AP 11064",Y,hours
84,Alicia Johnson,371-87-2928,"103 Mccullough Loop Suite 042
North Donaldview, OH 35773",Y,miles
85,Annette Nixon,278-80-5810,"90756 Grant Prairie
Clarkview, TX 93500",N,miles
86,Gerald Mueller,770-94-0647,"121 Morales Squares
North Joseph, IN 09017",Y,miles
87,Sherri Dyer,332-57-1180,"3631 Garcia Expressway Apt. 886
Holmesstad, MD 83409",Y,miles
88,Anthony Brock,191-57-5163,"113 Anderson Wells Suite 616
Charlottetown, FM 61414",N,miles
89,Joseph Lopez,101-51-2892,"999 April Extension Suite 083
Hernandezstad, ND 05511",N,hours
90,Cassidy Wells,366-79-7095,"874 Patterson Path Suite 843
Haleymouth, OK 18290",N,hours
91,Katrina Mayo,110-85-3158,"042 Justin Trafficway
Brownberg, GU 92778",Y,miles
92,Carla Mercado,386-26-8055,"59105 Lewis Lock Apt. 504
North Catherine, PR 70585",Y,miles
93,Rachel Moon,746-46-2676,"0684 Melissa Stravenue Suite 448
Garciamouth, SC 64443",Y,hours
94,Scott Sanders,580-97-5371,"6946 Caleb Squares
East Melanie, NC 15766",N,hours
95,Alex Martin,242-06-6988,"459 Bowen Drive Apt. 903
Smithview, OK 46900",N,hours
96,Tara Bryan,097-13-2387,"259 King Via Suite 377
Isaacville, TX 69859",Y,hours
97,Joseph Adkins,042-03-7227,"887 Brown Well
Lake Laura, UT 65062",Y,miles
98,Donna Newton,003-98-7258,"76227 Jessica Coves
Lake Brendaton, UT 41806",N,hours
99,Matthew Wilson,484-06-6730,"25381 Wong Crest
Laurenberg, NM 78547",N,hours
100,Brian Sanders,434-71-9428,"79702 Walter Fords
Tateburgh, WI 00890",Y,hours
101,Chelsea Phelps,515-15-6335,"15791 Owens Fords Suite 053
West Rebecca, MP 50294",Y,hours
102,Elizabeth May,584-08-2009,"6073 Mcbride Street Apt. 075
North Jeremy, MS 75992",N,miles
103,Riley Baker,496-46-5841,"80304 Ho Union Suite 798
Garcialand, MS 51005",Y,miles
104,Sarah Williams,032-28-8756,"69242 Robert Islands Apt. 855
South Henryview, NJ 97819",Y,hours
105,Anne Carr,763-06-0854,"7125 Hendricks Locks Apt. 559
New Wendyside, RI 43304",N,hours
106,Karen Hernandez,549-78-8711,"45943 Price Ranch
Lake Shawn, PA 16045",N,hours
107,Amy Robinson,577-95-5643,"0351 Oneal Springs
Lake Gregg, TX 17501",N,hours
108,Rachel Obrien,832-42-5516,"3849 Nichols Place Apt. 165
North Benjaminborough, CT 50423",Y,hours
109,Douglas Ho,494-92-7562,"66954 English Point
Valenzuelaville, PA 29764",Y,miles
